conf_bin,n,positive_rate,mean_conf
"(-0.001, 0.307]",1,0.0,0.0
"(0.307, 0.615]",0,,
"(0.615, 0.922]",0,,
"(0.922, 1.229]",10,0.8,1.1404721401078202
"(1.229, 1.537]",2,0.0,1.3859001529205908
