parameter,mean,std,q025,q500,q975,n
n_spacing_modes,1.0,0.0,1.0,1.0,1.0,500
spacing_mode_center_1,2.3193359375,0.0,2.3193359375,2.3193359375,2.3193359375,500
jitter_boundary_1,0.2852954318803722,0.0064843367634333,0.27624308761950184,0.2840817661155349,0.29752208898966276,500
jitter_boundary_2,0.2927060946175578,0.006490389662049489,0.27872401327518087,0.29334401481188344,0.3048505686739018,500
occupancy_boundary_1,0.21309315375982044,0.020700309575683876,0.18518518518518517,0.20606060606060606,0.2684624017957351,500
occupancy_boundary_2,0.24583928170594835,0.028499879222082504,0.19506172839506172,0.2424242424242424,0.2962962962962963,500
