{
  "spacing_mode_centers": [
    2.3193359375
  ],
  "spacing_boundaries": [],
  "jitter_boundaries": [
    0.2840817661155349,
    0.29334401481188344
  ],
  "occupancy_boundaries": [
    0.20606060606060606,
    0.2424242424242424
  ],
  "dwell_boundaries": []
}